id,title,content
1,ChatGPT Mengubah Cara Manusia Bekerja dan Belajar,"ChatGPT yang dikembangkan oleh OpenAI telah menjadi fenomena global sejak diluncurkan pada akhir tahun 2022. Teknologi kecerdasan buatan generatif ini mampu menghasilkan teks, menjawab pertanyaan, menulis kode program, dan bahkan membuat puisi dalam hitungan detik. Jutaan pengguna di seluruh dunia telah mengadopsi ChatGPT untuk berbagai keperluan mulai dari pekerjaan kantor hingga tugas akademis. Di Indonesia sendiri, ChatGPT menjadi perbincangan hangat di kalangan mahasiswa, pekerja kantoran, dan pelaku bisnis. Banyak perusahaan teknologi besar seperti Google, Microsoft, dan Meta berlomba-lomba mengembangkan produk kecerdasan buatan serupa. Microsoft bahkan mengintegrasikan teknologi OpenAI ke dalam produk Office dan mesin pencari Bing mereka. Namun demikian, kehadiran ChatGPT juga menimbulkan kekhawatiran terkait plagiarisme di dunia pendidikan, potensi hilangnya lapangan pekerjaan, serta masalah etika dalam penggunaan kecerdasan buatan. Pemerintah berbagai negara mulai menyusun regulasi untuk mengatur penggunaan teknologi kecerdasan buatan ini."
2,Starlink Resmi Beroperasi di Indonesia,"Layanan internet satelit Starlink milik SpaceX yang didirikan oleh Elon Musk akhirnya resmi beroperasi di Indonesia setelah mendapatkan izin dari Kementerian Komunikasi dan Informatika. Starlink menawarkan layanan internet berkecepatan tinggi melalui konstelasi ribuan satelit yang mengorbit di ketinggian rendah. Teknologi ini sangat ditunggu-tunggu oleh masyarakat di daerah terpencil yang selama ini kesulitan mendapatkan akses internet berkualitas. Harga perangkat dan langganan bulanan Starlink di Indonesia menjadi sorotan karena dianggap masih terlalu mahal untuk sebagian besar masyarakat. Meskipun demikian, Starlink dianggap mampu menjadi solusi untuk mengurangi kesenjangan digital di Indonesia terutama di wilayah terluar dan terpencil. Operator telekomunikasi lokal seperti Telkomsel dan Indosat menyatakan kesiapan mereka untuk berkolaborasi dengan Starlink demi memperluas jangkauan internet di seluruh nusantara."
3,TikTok Terancam Diblokir di Amerika Serikat,"Aplikasi media sosial TikTok yang dimiliki oleh perusahaan Tiongkok ByteDance menghadapi ancaman pemblokiran di Amerika Serikat. Pemerintah Amerika Serikat menganggap TikTok sebagai ancaman keamanan nasional karena kekhawatiran data pengguna Amerika dapat diakses oleh pemerintah Tiongkok. Kongres Amerika Serikat telah mengesahkan undang-undang yang mewajibkan ByteDance untuk menjual operasi TikTok di Amerika atau menghadapi larangan total. Keputusan ini berdampak besar karena TikTok memiliki lebih dari 170 juta pengguna aktif di Amerika Serikat. Banyak kreator konten yang menggantungkan pendapatan mereka dari platform ini merasa khawatir dengan masa depan mereka. Di Indonesia, TikTok juga pernah mengalami pemblokiran sementara terkait fitur TikTok Shop yang dianggap mengganggu ekosistem perdagangan dalam negeri. Kasus TikTok menunjukkan betapa kompleksnya hubungan antara teknologi, geopolitik, dan kedaulatan data di era digital modern."
4,Apple Meluncurkan iPhone 16 dengan Fitur AI,"Apple resmi meluncurkan seri iPhone 16 yang mengusung fitur Apple Intelligence sebagai inovasi utama. Apple Intelligence merupakan sistem kecerdasan buatan yang terintegrasi langsung ke dalam sistem operasi iOS. Fitur ini memungkinkan pengguna untuk merangkum notifikasi, mengedit foto dengan perintah suara, dan mendapatkan asisten virtual Siri yang jauh lebih cerdas. iPhone 16 juga dilengkapi dengan chip A18 yang dirancang khusus untuk menjalankan tugas kecerdasan buatan secara efisien di perangkat. Peluncuran ini mendapat respons beragam dari konsumen di Indonesia karena harga yang cukup tinggi. Namun antusiasme tetap tinggi terutama di kalangan penggemar setia produk Apple yang rela mengantre berjam-jam demi mendapatkan iPhone terbaru."
5,Mobil Listrik Semakin Populer di Indonesia,"Tren kendaraan listrik di Indonesia mengalami pertumbuhan yang signifikan dalam beberapa tahun terakhir. Hyundai, Tesla, Wuling, dan BYD menjadi merek yang paling diminati oleh konsumen Indonesia. Pemerintah Indonesia memberikan berbagai insentif termasuk pembebasan pajak dan subsidi untuk mendorong adopsi kendaraan listrik. Pembangunan infrastruktur pengisian daya atau charging station juga semakin masif dilakukan di berbagai kota besar. Wuling Air EV menjadi salah satu mobil listrik terlaris karena harganya yang terjangkau untuk kelas menengah Indonesia. Sementara itu Tesla yang baru saja masuk ke pasar Indonesia langsung menarik perhatian besar meskipun harganya tergolong premium. Pemerintah menargetkan Indonesia menjadi pusat industri kendaraan listrik di Asia Tenggara dengan memanfaatkan cadangan nikel yang melimpah sebagai bahan baku baterai. Tantangan utama yang masih dihadapi adalah keterbatasan infrastruktur pengisian daya di luar kota besar dan harga kendaraan listrik yang masih relatif mahal dibandingkan kendaraan konvensional berbahan bakar fosil."
6,Deepfake Mengancam Keamanan Digital,"Teknologi deepfake yang menggunakan kecerdasan buatan untuk memanipulasi video dan audio semakin mengkhawatirkan. Deepfake memungkinkan seseorang untuk membuat video palsu yang sangat meyakinkan dengan menempelkan wajah seseorang ke tubuh orang lain. Kasus penyalahgunaan deepfake semakin marak terjadi termasuk untuk penipuan, pemerasan, dan penyebaran informasi palsu. Di Indonesia, beberapa tokoh publik dan selebriti menjadi korban deepfake yang digunakan untuk membuat konten tidak senonoh tanpa persetujuan mereka. Pemerintah dan perusahaan teknologi berupaya mengembangkan alat deteksi deepfake untuk melindungi masyarakat dari ancaman ini."
7,Cryptocurrency dan Bitcoin Kembali Menguat,"Harga Bitcoin kembali mengalami lonjakan signifikan dan menembus rekor tertinggi sepanjang sejarah. Kenaikan ini dipicu oleh persetujuan Exchange Traded Fund Bitcoin oleh otoritas keuangan Amerika Serikat serta antisipasi terhadap peristiwa halving Bitcoin. Investor institusional semakin tertarik untuk memasukkan Bitcoin dan aset kripto lainnya ke dalam portofolio investasi mereka. Di Indonesia, Bappebti mencatat peningkatan jumlah investor aset kripto yang mencapai lebih dari 18 juta orang. Ethereum, Solana, dan berbagai altcoin lainnya juga mengalami kenaikan harga yang signifikan. Meskipun demikian, volatilitas tinggi pada pasar kripto tetap menjadi risiko utama bagi para investor. Bank Indonesia dan Otoritas Jasa Keuangan terus mengingatkan masyarakat untuk berhati-hati dalam berinvestasi di aset digital dan memahami risiko yang terlibat."
8,Elon Musk Mengubah Twitter Menjadi X,"Elon Musk secara resmi mengubah nama dan logo platform media sosial Twitter menjadi X. Perubahan ini merupakan bagian dari visi Musk untuk mengubah Twitter menjadi aplikasi serba bisa atau super app yang mencakup media sosial, pembayaran digital, dan berbagai layanan lainnya. Keputusan ini mendapat reaksi beragam dari pengguna dan pengamat industri teknologi. Banyak pengguna lama Twitter yang merasa kecewa dengan berbagai perubahan kebijakan termasuk sistem verifikasi berbayar dan pembatasan jumlah tweet yang bisa dibaca. Sejumlah pengiklan besar juga menarik iklan mereka dari platform tersebut karena kekhawatiran terkait moderasi konten. Di sisi lain, Musk berpendapat bahwa perubahan ini diperlukan untuk membuat platform lebih berkelanjutan secara finansial."
9,Jaringan 5G Mulai Meluas di Indonesia,"Jaringan telekomunikasi generasi kelima atau 5G mulai tersedia di semakin banyak kota di Indonesia. Telkomsel, Indosat Ooredoo Hutchison, dan XL Axiata menjadi operator yang aktif menggelar jaringan 5G. Teknologi 5G menawarkan kecepatan internet hingga sepuluh kali lebih cepat dibandingkan 4G dengan latensi yang sangat rendah. Implementasi 5G diharapkan dapat mendukung perkembangan Internet of Things, kota pintar, telemedicine, dan kendaraan otonom di Indonesia. Namun tantangan infrastruktur dan mahalnya investasi pembangunan jaringan 5G masih menjadi kendala utama dalam memperluas cakupan layanan ke seluruh Indonesia."
10,Google Gemini Tantang Dominasi ChatGPT,"Google meluncurkan Gemini sebagai model kecerdasan buatan terbaru mereka untuk bersaing langsung dengan ChatGPT milik OpenAI. Gemini hadir dalam tiga varian yaitu Ultra, Pro, dan Nano yang masing-masing dirancang untuk kebutuhan yang berbeda. Google mengklaim bahwa Gemini Ultra mampu melampaui performa manusia dalam benchmark pemahaman bahasa multitasking yang masif. Gemini diintegrasikan ke dalam berbagai produk Google termasuk Search, Workspace, dan Android. Persaingan antara Google dan OpenAI dalam pengembangan kecerdasan buatan semakin ketat dan mendorong inovasi yang pesat di bidang ini. Para ahli memperkirakan bahwa persaingan ini akan menghasilkan terobosan teknologi yang signifikan dalam beberapa tahun ke depan."
11,Kominfo Memblokir Jutaan Konten Negatif di Internet,"Kementerian Komunikasi dan Informatika Indonesia melakukan pemblokiran terhadap jutaan konten negatif di internet sepanjang tahun ini. Konten yang diblokir meliputi situs judi daring, pornografi, penipuan, dan ujaran kebencian. Kominfo juga mengembangkan sistem pemblokiran otomatis menggunakan teknologi kecerdasan buatan untuk meningkatkan efektivitas pengawasan konten digital. Kebijakan pemblokiran ini menuai pro dan kontra di masyarakat. Pendukung menilai pemblokiran diperlukan untuk melindungi masyarakat terutama anak-anak dari konten berbahaya. Sementara kritikus menganggap kebijakan ini berpotensi mengekang kebebasan berekspresi dan akses informasi. Kominfo menegaskan bahwa pemblokiran dilakukan sesuai dengan peraturan perundang-undangan yang berlaku."
12,Samsung Galaxy AI Hadirkan Kecerdasan Buatan di Genggaman,"Samsung memperkenalkan fitur Galaxy AI pada seri smartphone Galaxy S24 yang membawa revolusi kecerdasan buatan ke perangkat genggam. Fitur unggulan Galaxy AI meliputi penerjemahan panggilan telepon secara langsung, pengeditan foto berbasis kecerdasan buatan, ringkasan catatan otomatis, dan asisten penulisan cerdas. Samsung berkolaborasi dengan Google untuk menghadirkan kemampuan Gemini langsung di perangkat Samsung. Langkah ini menjadikan Samsung sebagai salah satu pionir dalam mengintegrasikan kecerdasan buatan secara menyeluruh ke dalam pengalaman pengguna smartphone. Di pasar Indonesia, Galaxy S24 mendapatkan respons positif dari konsumen yang tertarik dengan kemampuan kecerdasan buatan pada smartphone mereka."
13,SpaceX Berhasil Meluncurkan Roket Starship Terbesar di Dunia,SpaceX berhasil melakukan uji terbang roket Starship yang merupakan roket terbesar dan terkuat yang pernah dibuat oleh manusia. Starship dirancang untuk membawa manusia ke Bulan dan Mars sebagai bagian dari misi eksplorasi antariksa jangka panjang. Roket ini memiliki tinggi sekitar 120 meter dan mampu mengangkut beban hingga 150 ton ke orbit rendah Bumi. Keberhasilan uji terbang ini merupakan pencapaian monumental bagi industri antariksa dan membuka peluang baru untuk transportasi antarplanet. Elon Musk menyatakan bahwa Starship akan menjadi kunci untuk mewujudkan impian koloni manusia di Mars.
14,Robot Humanoid Semakin Canggih dan Siap Bekerja,"Perkembangan robot humanoid mengalami kemajuan pesat berkat integrasi teknologi kecerdasan buatan terbaru. Tesla memperkenalkan robot Optimus yang dirancang untuk melakukan pekerjaan berulang dan berbahaya di pabrik. Figure AI mengembangkan robot humanoid yang mampu berkomunikasi dengan manusia dan memahami perintah kompleks menggunakan model bahasa besar. Boston Dynamics terus menyempurnakan robot Atlas yang mampu melakukan gerakan akrobatik dan parkour yang mengesankan. Para ahli memperkirakan bahwa robot humanoid akan mulai digunakan secara komersial dalam beberapa tahun ke depan untuk berbagai sektor termasuk manufaktur, logistik, dan layanan kesehatan. Namun kehadiran robot humanoid juga memunculkan pertanyaan serius tentang dampaknya terhadap lapangan pekerjaan manusia dan implikasi etis dari penggunaan robot yang semakin mirip manusia."
15,Serangan Siber Meningkat Tajam di Indonesia,Indonesia mencatat peningkatan drastis serangan siber yang menargetkan institusi pemerintah dan perusahaan swasta. Badan Siber dan Sandi Negara melaporkan ratusan juta anomali trafik yang terdeteksi sepanjang tahun ini. Serangan ransomware terhadap Pusat Data Nasional menjadi salah satu insiden paling menggemparkan yang menyebabkan gangguan pada berbagai layanan publik digital. Kasus kebocoran data pribadi warga negara Indonesia juga semakin sering terjadi dan diperjualbelikan di forum gelap internet. Pemerintah merespons dengan memperkuat infrastruktur keamanan siber nasional dan mendorong pengesahan Undang-Undang Perlindungan Data Pribadi. Para pakar keamanan siber mengingatkan pentingnya kesadaran masyarakat dalam menjaga keamanan data pribadi mereka di dunia digital termasuk menggunakan kata sandi yang kuat dan mengaktifkan autentikasi dua faktor pada setiap akun daring.
